model,dataset,variant,split,n,HR@10_mean,NDCG@10_mean,HR@20_mean,NDCG@20_mean,HR@10_std,NDCG@10_std,HR@20_std,NDCG@20_std
BPRMF,Grocery_and_Gourmet_Food,default,dev,1,0.2994,0.1615,0.3921,0.1849,0.0,0.0,0.0,0.0
BPRMF,Grocery_and_Gourmet_Food,default,test,1,0.2819,0.1404,0.3782,0.1645,0.0,0.0,0.0,0.0
FuXiAlpha,Grocery_and_Gourmet_Food,pos1_time1_latent1_ssffn0,dev,3,0.46597500000000003,0.2788,0.5815250000000001,0.308,0.034161027989996616,0.03325547573959311,0.03710879275859027,0.033950650460140896
FuXiAlpha,Grocery_and_Gourmet_Food,pos1_time1_latent1_ssffn0,test,3,0.42015,0.24280000000000002,0.536575,0.272175,0.035393926032583595,0.02876143250952566,0.036460240902477126,0.02896933723784512
FuXiAlpha,Grocery_and_Gourmet_Food_grocery_ep50_h50_abla,pos0_time1_latent1_ssffn0,dev,3,0.5045666666666667,0.31903333333333334,0.6241666666666666,0.3491666666666666,0.007112196097783944,0.008889506922958873,0.007943131204590129,0.009029027263960017
FuXiAlpha,Grocery_and_Gourmet_Food_grocery_ep50_h50_abla,pos0_time1_latent1_ssffn0,test,3,0.46026666666666666,0.2818333333333333,0.5823333333333333,0.3126,0.0072665902136650785,0.00895339786524274,0.0072417769458423265,0.008819863944528848
FuXiAlpha,Grocery_and_Gourmet_Food_grocery_ep50_h50_abla,pos1_time0_latent1_ssffn0,dev,3,0.5021333333333333,0.31903333333333334,0.6237666666666667,0.3496666666666666,0.0048263167460635146,0.011386980869981881,0.00845714687902094,0.012773540360187281
FuXiAlpha,Grocery_and_Gourmet_Food_grocery_ep50_h50_abla,pos1_time0_latent1_ssffn0,test,3,0.46246666666666664,0.28276666666666667,0.5862333333333333,0.3139,0.00470141822574139,0.01302702319539401,0.004140450861118058,0.012758918449461138
FuXiAlpha,Grocery_and_Gourmet_Food_grocery_ep50_h50_abla,pos1_time1_latent1_ssffn0,dev,3,0.5071,0.32076666666666664,0.6305333333333333,0.35180000000000006,0.002193171219946107,0.006853709457901839,0.0019502136635080247,0.006615889962809217
FuXiAlpha,Grocery_and_Gourmet_Food_grocery_ep50_h50_abla,pos1_time1_latent1_ssffn0,test,3,0.4691,0.28623333333333334,0.5919333333333333,0.3172,0.004942671342502947,0.00812793536719709,0.005052062285179543,0.008116649555081207
FuXiAlpha,Grocery_and_Gourmet_Food_grocery_ep50_h50_abla,pos1_time1_latent1_ssffn0_noams,dev,3,0.4982333333333333,0.30996666666666667,0.6194333333333333,0.3405,0.0037447741364912256,0.0015947831618541072,0.005293706955747893,0.0017435595774162875
FuXiAlpha,Grocery_and_Gourmet_Food_grocery_ep50_h50_abla,pos1_time1_latent1_ssffn0_noams,test,3,0.45283333333333337,0.2715,0.576,0.3025,0.003496188400720602,0.0010535653752852712,0.003104834939251999,0.0016370705543745099
FuXiAlpha,Grocery_and_Gourmet_Food_grocery_ep50_h50_abla,pos1_time1_latent1_ssffn1,dev,3,0.5083666666666667,0.32739999999999997,0.6275000000000001,0.35746666666666665,0.002254624876411478,0.004158124577258345,0.0059808026217222435,0.0050332229568471705
FuXiAlpha,Grocery_and_Gourmet_Food_grocery_ep50_h50_abla,pos1_time1_latent1_ssffn1,test,3,0.46773333333333333,0.28933333333333333,0.5913666666666667,0.32043333333333335,0.005928181283777781,0.0067722472882591495,0.007579797710581256,0.007092484285025464
FuXiAlpha,Grocery_and_Gourmet_Food_grocery_ep50_h50_cmp,pos1_time1_latent1_ssffn0,dev,3,0.5071,0.32076666666666664,0.6305333333333333,0.35180000000000006,0.002193171219946107,0.006853709457901839,0.0019502136635080247,0.006615889962809217
FuXiAlpha,Grocery_and_Gourmet_Food_grocery_ep50_h50_cmp,pos1_time1_latent1_ssffn0,test,3,0.4691,0.28623333333333334,0.5919333333333333,0.3172,0.004942671342502947,0.00812793536719709,0.005052062285179543,0.008116649555081207
FuXiAlpha,Grocery_and_Gourmet_Food_grocery_sweep_h50_ep30_v2,pos1_time1_latent1_ssffn0,dev,1,0.49927499999999997,0.314925,0.61905,0.34505,0.005741297762701371,0.0037411005510856465,0.007719024117939614,0.004343961325794694
FuXiAlpha,Grocery_and_Gourmet_Food_grocery_sweep_h50_ep30_v2,pos1_time1_latent1_ssffn0,test,1,0.457,0.2773,0.5827249999999999,0.308925,0.009015911859965503,0.004918671907469877,0.011573641028935827,0.005801939330947877
FuXiAlpha,Grocery_ep50_h50,pos1_time1_latent1_ssffn0,dev,1,0.0469,0.0231,0.0736,0.0298,0.0,0.0,0.0,0.0
FuXiAlpha,Grocery_ep50_h50,pos1_time1_latent1_ssffn0,test,1,0.0323,0.0153,0.0564,0.0214,0.0,0.0,0.0,0.0
FuXiAlpha,ML1M_ep50,pos1_time1_latent1_ssffn0,dev,1,0.1649,0.0861,0.2632,0.1109,0.0,0.0,0.0,0.0
FuXiAlpha,ML1M_ep50,pos1_time1_latent1_ssffn0,test,1,0.1506,0.0764,0.2423,0.0995,0.0,0.0,0.0,0.0
FuXiAlpha,MovieLens_100K,pos1_time1_latent1_ssffn0,dev,3,0.4727444444444444,0.25597777777777775,0.6535333333333333,0.30163333333333336,0.1394217801413315,0.08674627913890282,0.13036951330736798,0.08470131344908413
FuXiAlpha,MovieLens_100K,pos1_time1_latent1_ssffn0,test,3,0.43224444444444443,0.24081111111111111,0.6145333333333334,0.28700000000000003,0.1223772968232988,0.07402946110239565,0.12481214884777841,0.07477676778251384
FuXiAlpha,MovieLens_100K_fuxi_sweep_e10s0_20251218,pos1_time1_latent1_ssffn0,dev,1,0.54225,0.29645,0.7178666666666667,0.34099999999999997,0.08650042196428867,0.04820110994572635,0.06863429657734291,0.04381794153083872
FuXiAlpha,MovieLens_100K_fuxi_sweep_e10s0_20251218,pos1_time1_latent1_ssffn0,test,1,0.48933333333333334,0.27243333333333336,0.6701833333333332,0.3183166666666667,0.07383307298674942,0.04638317223591618,0.07234709162548737,0.046117693639932456
FuXiAlpha,MovieLens_100K_fuxi_sweep_pathfix_test,pos1_time1_latent1_ssffn0,dev,1,0.323,0.1638,0.5107,0.2109,0.0,0.0,0.0,0.0
FuXiAlpha,MovieLens_100K_fuxi_sweep_pathfix_test,pos1_time1_latent1_ssffn0,test,1,0.3092,0.1656,0.4819,0.209,0.0,0.0,0.0,0.0
FuXiAlpha,MovieLens_1M,pos1_time1_latent1_ssffn0,dev,3,0.677975,0.424875,0.8233,0.461675,0.1463939291774082,0.13750360904354475,0.0907126966489991,0.12349311384310732
FuXiAlpha,MovieLens_1M,pos1_time1_latent1_ssffn0,test,3,0.64805,0.40345,0.7929999999999999,0.4401,0.14009171995517797,0.1289991860439437,0.09437838735642816,0.11768256738645136
FuXiAlpha,MovieLens_1M_ep50,pos1_time1_latent1_ssffn0,dev,3,0.8153,0.5663666666666667,0.9051666666666667,0.5891666666666667,0.0013892443989449554,0.0032868424564212353,0.0009291573243177621,0.0030892285984260416
FuXiAlpha,MovieLens_1M_ep50,pos1_time1_latent1_ssffn0,test,3,0.7835666666666666,0.5377666666666667,0.8818333333333334,0.5627666666666666,0.0030138568866708597,0.001193035344544878,0.0015567059238447464,0.000808290376865497
FuXiAlpha,MovieLens_1M_ep50_abla,pos0_time1_latent1_ssffn0,dev,3,0.8176,0.5693666666666667,0.9056333333333333,0.5918,0.001708800749063539,0.0026388128644019722,0.0030022213997860565,0.0015874507866387685
FuXiAlpha,MovieLens_1M_ep50_abla,pos0_time1_latent1_ssffn0,test,3,0.7840666666666666,0.5365666666666667,0.8817333333333334,0.5613,0.003061590000854695,0.00475429630264392,0.0008962886439832155,0.004881598098983602
FuXiAlpha,MovieLens_1M_ep50_abla,pos1_time0_latent1_ssffn0,dev,3,0.8129,0.5652333333333334,0.9042666666666666,0.5884,0.0024637369989509916,0.004100406483915139,0.0022052966542697333,0.003984971769034265
FuXiAlpha,MovieLens_1M_ep50_abla,pos1_time0_latent1_ssffn0,test,3,0.7818999999999999,0.5333333333333333,0.8800333333333333,0.5583333333333332,0.006355312738174299,0.0076774561759305185,0.002928025500799707,0.006715901527965797
FuXiAlpha,MovieLens_1M_ep50_abla,pos1_time1_latent1_ssffn0,dev,3,0.8153,0.5663666666666667,0.9051666666666667,0.5891666666666667,0.0013892443989449554,0.0032868424564212353,0.0009291573243177621,0.0030892285984260416
FuXiAlpha,MovieLens_1M_ep50_abla,pos1_time1_latent1_ssffn0,test,3,0.7835666666666666,0.5377666666666667,0.8818333333333334,0.5627666666666666,0.0030138568866708597,0.001193035344544878,0.0015567059238447464,0.000808290376865497
FuXiAlpha,MovieLens_1M_ep50_abla,pos1_time1_latent1_ssffn0_noams,dev,3,0.8126666666666668,0.5648666666666666,0.9037666666666667,0.5880666666666666,0.002236813209307665,0.003412232895529435,0.0013203534880225816,0.003442867022313406
FuXiAlpha,MovieLens_1M_ep50_abla,pos1_time1_latent1_ssffn0_noams,test,3,0.7813333333333333,0.5352666666666667,0.8800333333333333,0.5603333333333333,0.003494757979221657,0.004110150037812925,0.0033291640592397133,0.0038759944960400964
FuXiAlpha,MovieLens_1M_ep50_abla,pos1_time1_latent1_ssffn1,dev,3,0.8047333333333334,0.5488666666666666,0.8994666666666666,0.5729333333333333,0.0034847285881877544,0.0028676354952003793,0.0022722969289539307,0.003043572462310281
FuXiAlpha,MovieLens_1M_ep50_abla,pos1_time1_latent1_ssffn1,test,3,0.7693666666666666,0.5176333333333334,0.8759666666666667,0.5447666666666667,0.005573448962117949,0.0021962088546705655,0.0015011106998929725,0.00215483951451924
FuXiAlpha,MovieLens_1M_ep50_h50_full_vs_wotime,pos1_time0_latent1_ssffn0,dev,3,0.8170666666666667,0.5681666666666666,0.9048333333333334,0.5905333333333332,0.0018929694486001123,0.004067349669420289,0.003494757979221596,0.0038682468035705145
FuXiAlpha,MovieLens_1M_ep50_h50_full_vs_wotime,pos1_time0_latent1_ssffn0,test,3,0.7846000000000001,0.5369666666666667,0.8860666666666667,0.5627666666666666,0.0029546573405388613,0.004006661120351131,0.0020033305601755303,0.0037018013633004655
FuXiAlpha,MovieLens_1M_ep50_h50_full_vs_wotime,pos1_time1_latent1_ssffn0,dev,3,0.8198,0.5698333333333333,0.9083333333333333,0.5924333333333334,0.005370288632839006,0.004532475409015856,0.0018903262505010662,0.0034961884007206085
FuXiAlpha,MovieLens_1M_ep50_h50_full_vs_wotime,pos1_time1_latent1_ssffn0,test,3,0.7893,0.5396,0.8864000000000001,0.5642666666666667,0.0033867388443752466,0.004911211663123438,0.00036055512754642083,0.004050102879351765
FuXiAlpha,MovieLens_1M_ml1m_fuxi_sweep_big_s0_e30,pos1_time1_latent1_ssffn0,dev,1,0.7454,0.4674,0.8745,0.5004,0.0,0.0,0.0,0.0
FuXiAlpha,MovieLens_1M_ml1m_fuxi_sweep_big_s0_e30,pos1_time1_latent1_ssffn0,test,1,0.7043,0.4389,0.8406,0.4736,0.0,0.0,0.0,0.0
FuXiAlpha,MovieLens_1M_ml1m_fuxi_sweep_s0_e30_small12_ss0,pos1_time1_latent1_ssffn0,dev,1,0.8148583333333334,0.5635083333333334,0.905825,0.5866166666666667,0.002977325930591022,0.005005716429213388,0.0018111397717258924,0.004631676180652544
FuXiAlpha,MovieLens_1M_ml1m_fuxi_sweep_s0_e30_small12_ss0,pos1_time1_latent1_ssffn0,test,1,0.780825,0.5339416666666666,0.88035,0.5592916666666666,0.004554343581082276,0.00481389245892144,0.0035973475076657648,0.004672834128008248
GRU4Rec,Grocery_and_Gourmet_Food,default,dev,3,0.436375,0.2494,0.566325,0.28225,0.0620978998571342,0.055314012691179776,0.04208423101352808,0.05006292706850716
GRU4Rec,Grocery_and_Gourmet_Food,default,test,3,0.39092499999999997,0.21537499999999998,0.519975,0.24814999999999998,0.05790125934151461,0.049179831570810933,0.0428317152742373,0.04525258740300567
GRU4Rec,Grocery_and_Gourmet_Food_grocery_ep50_h50_cmp,default,dev,3,0.4902333333333333,0.3088666666666667,0.6065333333333333,0.33816666666666667,0.0007094598884597654,0.01045099676266974,0.005968528573554254,0.011948779575058417
GRU4Rec,Grocery_and_Gourmet_Food_grocery_ep50_h50_cmp,default,test,3,0.4454666666666667,0.2679666666666667,0.5665666666666667,0.2985,0.0030664855018951815,0.009675915116066967,0.008457146879020959,0.010897247358851694
GRU4Rec,MovieLens_100K,default,dev,3,0.6276,0.3555,0.7921,0.3973333333333333,0.01560096150883017,0.007873372847769877,0.0031999999999999806,0.0032654759734736007
GRU4Rec,MovieLens_100K,default,test,3,0.5757333333333333,0.32880000000000004,0.7487333333333334,0.3725333333333333,0.0018475208614067912,0.0011532562594670922,0.006864643714959547,0.0006806859285554139
GRU4Rec,MovieLens_1M,default,dev,3,0.6606000000000001,0.402,0.8159,0.4414,0.12874911002928652,0.11455048377607721,0.08441749423747028,0.10334831074252418
GRU4Rec,MovieLens_1M,default,test,3,0.6293500000000001,0.381775,0.7863249999999999,0.42157500000000003,0.12084076298997781,0.1087098086650878,0.08341344316115963,0.09937505974840971
GRU4Rec,MovieLens_1M_ep50,default,dev,3,0.8064,0.5529000000000001,0.9036,0.5776666666666667,0.0026627053911389077,0.006413267497929634,0.0015099668870541527,0.00621798466814879
GRU4Rec,MovieLens_1M_ep50,default,test,3,0.7686666666666667,0.5210333333333333,0.8754333333333334,0.5482,0.002318045153428519,0.0026102362600602586,0.002581343319539883,0.0029866369046136435
SASRec,Grocery_and_Gourmet_Food,default,dev,3,0.478925,0.302875,0.58985,0.3308,0.032018471231462634,0.046061073587140795,0.031705046916855335,0.045975645726841076
SASRec,Grocery_and_Gourmet_Food,default,test,3,0.432875,0.26305,0.543675,0.29095,0.03131744721397324,0.04154359156356127,0.030575303214631686,0.04130121063600921
SASRec,Grocery_and_Gourmet_Food_grocery_ep50_h50_cmp,default,dev,3,0.5054333333333333,0.3414333333333333,0.6150333333333333,0.3690333333333333,0.005488472768752064,0.002138535324312714,0.0044601943156473865,0.001604161255402118
SASRec,Grocery_and_Gourmet_Food_grocery_ep50_h50_cmp,default,test,3,0.4601,0.30006666666666665,0.5718666666666666,0.32816666666666666,0.003966106403010406,0.0008326663997864458,0.003550117368951821,0.0008020806277010602
SASRec,Grocery_ep50_h50,default,dev,1,0.0638,0.033,0.102,0.0426,0.0,0.0,0.0,0.0
SASRec,Grocery_ep50_h50,default,test,1,0.0487,0.0251,0.0772,0.0323,0.0,0.0,0.0,0.0
SASRec,ML1M_ep50,default,dev,1,0.2103,0.1101,0.3157,0.1367,0.0,0.0,0.0,0.0
SASRec,ML1M_ep50,default,test,1,0.1982,0.1039,0.3006,0.1298,0.0,0.0,0.0,0.0
SASRec,MovieLens_100K,default,dev,3,0.5966666666666667,0.3501666666666667,0.7633,0.3924666666666667,0.0759490838215533,0.06193111764963824,0.0759607135300874,0.06171258650658985
SASRec,MovieLens_100K,default,test,3,0.5682333333333334,0.33086666666666664,0.7384333333333334,0.3739666666666666,0.08319190665763909,0.05561342763517936,0.07679754770390353,0.053954085418375264
SASRec,MovieLens_1M,default,dev,3,0.7576499999999999,0.4981,0.877275,0.528625,0.051597254448920736,0.05822719868469259,0.02549083168513732,0.05153706594934048
SASRec,MovieLens_1M,default,test,3,0.7289749999999999,0.472375,0.851225,0.50345,0.047683426540745456,0.053170942879233095,0.027717308070349566,0.04816869661235741
SASRec,MovieLens_1M_ep50,default,dev,3,0.8126666666666665,0.5672333333333334,0.9041333333333332,0.5904333333333334,0.002874601421646695,0.0037581023580170393,0.002830783166074961,0.0029501412395567406
SASRec,MovieLens_1M_ep50,default,test,3,0.7776333333333333,0.5341666666666667,0.8812666666666668,0.5604666666666667,0.003323151115031188,0.0019295940851208149,0.0035360052790307174,0.0016441816606851446
TiSASRec,Grocery_and_Gourmet_Food,default,dev,3,0.4889666666666667,0.3182,0.5997,0.34613333333333335,0.03125065332650395,0.039536438888701134,0.03334921288426456,0.03992947950240942
TiSASRec,Grocery_and_Gourmet_Food,default,test,3,0.44626666666666664,0.2794666666666667,0.5558666666666666,0.30706666666666665,0.03210628183601042,0.038515624535158895,0.03586730172919808,0.039377320037469965
TiSASRec,Grocery_and_Gourmet_Food_grocery_ep50_h50_cmp,default,dev,3,0.5052,0.3397333333333334,0.6158333333333333,0.3676333333333333,0.001946792233393195,0.001078579312490892,0.003971565602295108,0.0009609023536933137
TiSASRec,Grocery_and_Gourmet_Food_grocery_ep50_h50_cmp,default,test,3,0.4603333333333333,0.2987,0.5708666666666666,0.32656666666666667,0.0024214320831552074,0.002563201123595256,0.004544593857907811,0.003202082655606096
TiSASRec,MovieLens_100K,default,dev,3,0.6428666666666667,0.3860333333333334,0.8024333333333334,0.4267,0.004645786621588757,0.0006350852961086145,0.003262412195497926,0.00043588989435405117
TiSASRec,MovieLens_100K,default,test,3,0.6076666666666667,0.36073333333333335,0.774,0.40296666666666664,0.0021501937897160034,0.005036202272877178,0.007668767828015139,0.006351640208114225
TiSASRec,MovieLens_1M,default,dev,3,0.7826666666666666,0.5226333333333334,0.8910333333333332,0.5502333333333334,0.0443197848971916,0.05342773936199558,0.024482714991057124,0.04841015733638275
TiSASRec,MovieLens_1M,default,test,3,0.7504666666666666,0.49879999999999997,0.8651,0.5279333333333334,0.046557956713469885,0.05379135618294076,0.026215834909458828,0.04859643333963239
TiSASRec,MovieLens_1M_ep50,default,dev,3,0.8119999999999999,0.5647333333333333,0.9015666666666666,0.5874666666666667,0.0010148891565092306,0.0032470499431534903,0.001850225211517044,0.002916047553338822
TiSASRec,MovieLens_1M_ep50,default,test,3,0.7793666666666667,0.5314666666666666,0.8800333333333333,0.5570333333333334,0.001537313674346716,0.006036831398451751,0.0024110855093366973,0.005281413952090216
proto_ML1M_full,seed0,default,dev,1,0.0525,0.0253,0.0955,0.0361,0.0,0.0,0.0,0.0
proto_ML1M_full,seed0,default,test,1,0.0477,0.0227,0.0885,0.0329,0.0,0.0,0.0,0.0
proto_ML1M_samp,seed0,default,dev,1,0.5507,0.3043,0.7391,0.3518,0.0,0.0,0.0,0.0
proto_ML1M_samp,seed0,default,test,1,0.5214,0.2892,0.708,0.3362,0.0,0.0,0.0,0.0
